id,Star,Languages,ApiUrl,CloneUrl,Description
22467863,35,"['C++', 'Java', 'C']",https://api.github.com/repos/donaldmunro/AARemu,https://github.com/donaldmunro/AARemu.git,AARemu is a software tool enabling simulation of Augmented Reality  by allowing an AR developer to record either an interactive 360 degree or a non-interactive free-form view of a location using the devices camera and orientation sensors (this functionality is provided by the ARemRecorder app). The ARCamera/ARCameraDevice  classes which provides a mock implementation of the Android Camera API classes can then be used to preview the recorded scene instead of the live camera preview provided by the Android Camera class. The preview callback is analogous to the standard Camera preview  callback except that the preview bytes provided in the callback  are extracted from a file created by the recorder application. These preview bytes are passed to the development code  via the same preview callback as provided by the standard Camera   classes and can thus be processed by Computer Vision algorithms  before being displayed by the client application. The frames are  stored as individual video frames in RGBA format  and not as video so the preview can be accessed in any direction. The tool is aimed at developers of mobile AR applications as it allows the developer to record view(s) of a given location and then debug and test the AR application in the comfort of a office or home without having to  make extensive changes to the programming  code.
85202215,27,"['C', 'Python', 'C++']",https://api.github.com/repos/xmar/360Degree_Head_Movement_Dataset,https://github.com/xmar/360Degree_Head_Movement_Dataset.git,Source code for a 360 degree video player and head movement logger for a HMD using the OSVR API
252860584,14,"['C++', 'Python', 'C']",https://api.github.com/repos/walczakp/xbox360-flasher,https://github.com/walczakp/xbox360-flasher.git,XBOX360 Teensy/RPi Pico flasher
175458766,0,"['Python', 'C']",https://api.github.com/repos/AlexanderNevarko/Industrial_prog,https://github.com/AlexanderNevarko/Industrial_prog.git,Acronis industrial programming course
185076524,0,"['C', 'Python']",https://api.github.com/repos/ilvivl/Acronis_tasks,https://github.com/ilvivl/Acronis_tasks.git,
87887713,116,"['C', 'Python', 'Makefile']",https://api.github.com/repos/schoolpost/PiDNG,https://github.com/schoolpost/PiDNG.git,Create Adobe DNG RAW files using Python. Works with any Bayer RAW Data including native support for Raspberry Pi cameras. 
14856423,22,"['Objective-C', 'Java', 'C']",https://api.github.com/repos/AppsFlyerSDK/AdobeAirExtension-AppsFlyer,https://github.com/AppsFlyerSDK/AdobeAirExtension-AppsFlyer.git,Adobe Air Extension for AppsFlyer
99794897,14,"['Objective-C', 'Java', 'C']",https://api.github.com/repos/DigitalStrawberry/ANE-Share,https://github.com/DigitalStrawberry/ANE-Share.git,Adobe AIR native extension for sharing text and bitmap content.
5301661,14,"['Java', 'C', 'Objective-C']",https://api.github.com/repos/digicrafts/MoPub-ANE,https://github.com/digicrafts/MoPub-ANE.git,This Mopub ANE add supprt to using MoPub Mobile monetization platform with Adobe Air. Supports Android and iOS.
46716422,10,"['C', 'Java', 'Objective-C']",https://api.github.com/repos/janumedia/UIWebViewANE,https://github.com/janumedia/UIWebViewANE.git,UIWebView / WebView Adobe AIR Native Extension for iOS and Android
363447255,330,"['C++', 'Python', 'C']",https://api.github.com/repos/Cr4sh/MicroBackdoor,https://github.com/Cr4sh/MicroBackdoor.git,Small and convenient C2 tool for Windows targets
96785425,283,"['Python', 'C', 'HTML']",https://api.github.com/repos/RUB-SysSec/Microcode,https://github.com/RUB-SysSec/Microcode.git,Microcode Updates for the USENIX 2017 paper: Reverse Engineering x86 Processor Microcode
62779270,238,"['Python', 'C', 'Java']",https://api.github.com/repos/chg-hou/EnMicroMsg.db-Password-Cracker,https://github.com/chg-hou/EnMicroMsg.db-Password-Cracker.git,Crack the password of EnMicroMsg.db with brute-force attack.
101130877,213,"['Python', 'C', 'MATLAB']",https://api.github.com/repos/IcedDoggie/Micro-Expression-with-Deep-Learning,https://github.com/IcedDoggie/Micro-Expression-with-Deep-Learning.git,Experimentation of deep learning on the subjects of micro-expression spotting and recognition. 
150565257,171,"['Python', 'C', 'C++']",https://api.github.com/repos/makerdiary/nrf52840-mdk-usb-dongle,https://github.com/makerdiary/nrf52840-mdk-usb-dongle.git,A small and low-cost nRF52840 Micro Development Kit in USB Dongle Form Factor
160058555,1,"['Python', 'C++', 'C']",https://api.github.com/repos/zakrzewki/pracaMgr,https://github.com/zakrzewki/pracaMgr.git,"Airbus Ship Detection Challenge, https://www.kaggle.com/c/airbus-ship-detection project for Master's degree"
181098210,0,"['Python', 'C', 'Jupyter Notebook']",https://api.github.com/repos/LiamLau1/airbus,https://github.com/LiamLau1/airbus.git,Simulations for Airbus FYI
147093331,0,"['Python', 'C', 'Cuda']",https://api.github.com/repos/Kaggle-MechB/AirbusShipDetection-MaskRCNN,https://github.com/Kaggle-MechB/AirbusShipDetection-MaskRCNN.git,
18273814,8,"['C', 'Python', 'Makefile']",https://api.github.com/repos/kmag/bad_examples,https://github.com/kmag/bad_examples.git,"An example of what's wrong with naive Merkle Tree implementation.  Also included is a solution to the fool's errand of providing a reversible password hash.  This salted password hash is trivially reversible for passwords up to 9 English characters in length.  Different salts result in different hashes, and different aliasing of longer passwords to 9-character passwords.  At least if you have a longer password, the hash reversal won't reveal your actual password."
1352946,7,"['C', 'Python', 'C++']",https://api.github.com/repos/diederickh/ofxGLM,https://github.com/diederickh/ofxGLM.git,Wrapper around a great Alias Wavefront .OBJ file loader for openFrameworks
5133032,6,"['Python', 'C++', 'C']",https://api.github.com/repos/svilendobrev/svd_bin,https://github.com/svilendobrev/svd_bin.git,"various tools + libraries, small or big, old'91 or new; most used are: vcs/, qini/ + aliases, filedir/, eee/, and audio-video"
49193239,3589,"['Objective-C', 'Java', 'C']",https://api.github.com/repos/alibaba/LuaViewSDK,https://github.com/alibaba/LuaViewSDK.git,"A cross-platform framework to build native, dynamic and swift user interface - Âº∫Â§ßËΩªÂ∑ßÁÅµÊ¥ªÁöÑÂÆ¢Êà∑Á´ØÂä®ÊÄÅÂåñËß£ÂÜ≥ÊñπÊ°à"
227539010,367,"['Java', 'C++', 'C']",https://api.github.com/repos/alibaba/dragonwell11,https://github.com/alibaba/dragonwell11.git,Alibaba Dragonwell11 JDK
137313700,102,"['C', 'Python', 'BitBake']",https://api.github.com/repos/alibaba/AliOS-Things-Linux-Edition,https://github.com/alibaba/AliOS-Things-Linux-Edition.git,AliOS Things Linux Edition released by Alibaba is an open-source implementation of operating system (OS) for Internet of Things (IoT).
335235252,21,"['Java', 'C', 'Scala']",https://api.github.com/repos/aliyun/alibabacloud-hologres-connectors,https://github.com/aliyun/alibabacloud-hologres-connectors.git,alibabacloud-hologres-connectors
46281066,3,"['Java', 'C++', 'C']",https://api.github.com/repos/THEONE10211024/HotFixDemo,https://github.com/THEONE10211024/HotFixDemo.git,Android Hot Fix using AndFix provided by alibaba
160999,10111,"['Java', 'C++', 'C']",https://api.github.com/repos/apache/zookeeper,https://github.com/apache/zookeeper.git,Apache ZooKeeper
99919302,3829,"['Java', 'C++', 'C']",https://api.github.com/repos/apache/incubator-doris,https://github.com/apache/incubator-doris.git,Apache Doris(Incubating) is an MPP-based interactive SQL data warehousing for reporting and analysis.
206459,2024,"['Java', 'C#', 'C']",https://api.github.com/repos/apache/avro,https://github.com/apache/avro.git,Apache Avro is a data serialization system.
129901811,1336,"['Shell', 'Java', 'C']",https://api.github.com/repos/confluentinc/examples,https://github.com/confluentinc/examples.git,Apache Kafka and Confluent Platform examples and demos
98021113,304,"['C', 'Python', 'Shell']",https://api.github.com/repos/icing/mod_md,https://github.com/icing/mod_md.git,Let's Encrypt (ACME) in Apache httpd
19016985,204,"['C', 'Java', 'M4']",https://api.github.com/repos/netty/netty-tcnative,https://github.com/netty/netty-tcnative.git,"A fork of Apache Tomcat Native, based on finagle-native"
329707886,1151,"['C', 'Python', 'Assembly']",https://api.github.com/repos/AsahiLinux/m1n1,https://github.com/AsahiLinux/m1n1.git,A bootloader and experimentation playground for Apple Silicon
355776655,254,"['Java', 'C++', 'C']",https://api.github.com/repos/dsa28s/android-studio-apple-m1,https://github.com/dsa28s/android-studio-apple-m1.git,Android Studio Arctic Fox (Canary) for Apple Sillicon
53158664,12,"['Python', 'C', 'Shell']",https://api.github.com/repos/aristanetworks/sonic,https://github.com/aristanetworks/sonic.git,Open source drivers and initialization library for Arista platforms running SONiC
263277404,5,"['Shell', 'Python', 'C']",https://api.github.com/repos/arista-netdevops-community/kvm-lab-for-network-engineers,https://github.com/arista-netdevops-community/kvm-lab-for-network-engineers.git,cheatsheet explaining how to build vEOS lab based on KVM
430426229,3,"['C', 'Python', 'CMake']",https://api.github.com/repos/isotopp/arista_type_7,https://github.com/isotopp/arista_type_7.git,Generate Arista Type 7 Passwords in C
102920918,0,"['Python', 'Java', 'C']",https://api.github.com/repos/supertej/AristaChallenge,https://github.com/supertej/AristaChallenge.git,
104271849,0,"['Python', 'Java', 'C']",https://api.github.com/repos/yeobill/arista,https://github.com/yeobill/arista.git,
103070081,0,"['Python', 'Java', 'C']",https://api.github.com/repos/Charleslii/CharlesLiAristaCodingF17,https://github.com/Charleslii/CharlesLiAristaCodingF17.git,Arista coding challenge fall 17
103870187,0,"['Java', 'Python', 'C']",https://api.github.com/repos/diyuLuo96/code_aristanetworks,https://github.com/diyuLuo96/code_aristanetworks.git,
68710667,25,"['C++', 'Python', 'C']",https://api.github.com/repos/alicevision/mayaAPI,https://github.com/alicevision/mayaAPI.git,Autodesk Maya devkit
43167413,9,"['Python', 'C++', 'C']",https://api.github.com/repos/sonictk/Maya-devkit,https://github.com/sonictk/Maya-devkit.git,Autodesk Maya devkit
48939900,61,"['Python', 'TypeScript', 'C']",https://api.github.com/repos/revmischa/cloudcam,https://github.com/revmischa/cloudcam.git,IP camera surveillance management system using AWS IoT with support for Axis cameras.
53672530,7,"['Arduino', 'Python', 'C']",https://api.github.com/repos/ControlEverythingCommunity/HMC5883,https://github.com/ControlEverythingCommunity/HMC5883.git,3-Axis Digital Compass
55412236,5,"['Arduino', 'Python', 'C']",https://api.github.com/repos/ControlEverythingCommunity/MPU-6000,https://github.com/ControlEverythingCommunity/MPU-6000.git,3-Axis Gyroscope 3-Axis Accelerometer
7714244,3,"['Python', 'C++', 'C']",https://api.github.com/repos/HorizonXP/blackberry-py,https://github.com/HorizonXP/blackberry-py.git,The BlackBerry-Py Project
1659578,2,"['C', 'Java', 'C++']",https://api.github.com/repos/cybertk/blackberry-linphone,https://github.com/cybertk/blackberry-linphone.git,
4291495,1,"['C', 'Python', 'Makefile']",https://api.github.com/repos/idispatch/bbami,https://github.com/idispatch/bbami.git,BlackBerry application meta infromation library
12623704,1,"['C', 'Python', 'C++']",https://api.github.com/repos/tcolar/berry4all,https://github.com/tcolar/berry4all.git,Software that allows tethering using a blackberry on Linux / Mac
12209548,83,"['Java', 'C', 'Rust']",https://api.github.com/repos/fortdam/t_rtf_camera,https://github.com/fortdam/t_rtf_camera.git,A prototype of camer live filter. Try to use diversified technologies to realize it.
315586576,22,"['Python', 'C', 'Cuda']",https://api.github.com/repos/qq456cvb/CanonicalVoting,https://github.com/qq456cvb/CanonicalVoting.git,Canonical Voting: Towards Robust Oriented Bounding Box Detection in 3D Scenes
2396117,4,"['Python', 'C', 'C++']",https://api.github.com/repos/MorganBorman/cxsbs,https://github.com/MorganBorman/cxsbs.git,Canonical eXtensible SauerBraten Server
189444246,3,"['Python', 'C', 'Go']",https://api.github.com/repos/matthiasrohmer/django-canonical-amp,https://github.com/matthiasrohmer/django-canonical-amp.git,Template tags and middlewares to build canonical AMP pages with Django easily
115597572,11,"['C', 'Java', 'C++']",https://api.github.com/repos/elastos/Elastos.NET.Carrier.Android.SDK,https://github.com/elastos/Elastos.NET.Carrier.Android.SDK.git,
157719380,3,"['C', 'Java', 'C++']",https://api.github.com/repos/elastos/Elastos.NET.Carrier.Java.SDK,https://github.com/elastos/Elastos.NET.Carrier.Java.SDK.git,
16273883,2,"['C', 'Python', 'Shell']",https://api.github.com/repos/JonasGessner/NoCarrier,https://github.com/JonasGessner/NoCarrier.git,Remove the carrier logo from the status bar on iOS.
65932961,122,"['C', 'Python', 'Makefile']",https://api.github.com/repos/dell/libsmbios,https://github.com/dell/libsmbios.git,library for interacting with Dell SMBIOS tables 
103034925,41,"['C', 'Python', 'Makefile']",https://api.github.com/repos/KivApple/dell-charger-emulator,https://github.com/KivApple/dell-charger-emulator.git,Emulator of original Dell charger using ATTINY85
9072024,28,"['Python', 'C', 'Makefile']",https://api.github.com/repos/arnuschky/dell-bmc-firmware,https://github.com/arnuschky/dell-bmc-firmware.git,Tools for extracting and modifying the firmware of the BMC of Dell PowerEdge servers
243855853,9,"['Shell', 'C', 'Java']",https://api.github.com/repos/TryKatChup/SistemiOperativi_Template,https://github.com/TryKatChup/SistemiOperativi_Template.git,"Template utili per il superamento dell'esame di Sistemi Operativi in C, Bash e Java (Ingegneria Informatica T - Alma Mater Studiorum, Universit√† di Bologna)"
132349403,6,"['C', 'Python']",https://api.github.com/repos/oct0xor/unpacking_devolution,https://github.com/oct0xor/unpacking_devolution.git,"Materials for ""Unpacking Devolution (PowerPC instrumentation on PC)"""
64534859,2775,"['Python', 'C', 'Assembly']",https://api.github.com/repos/cirosantilli/linux-kernel-module-cheat,https://github.com/cirosantilli/linux-kernel-module-cheat.git,"The perfect emulation setup to study and develop the Linux kernel v5.4.3, kernel modules, QEMU, gem5 and x86_64, ARMv7 and ARMv8 userland and baremetal assembly, ANSI C, C++ and POSIX. GDB step debug and KGDB just work. Powered by Buildroot and crosstool-NG. Highly automated. Thoroughly documented. Automated tests. ""Tested"" in an Ubuntu 19.10 host.ÂÆåÁæéÁöÑ‰ªøÁúüËÆæÁΩÆÔºåÂèØÁî®‰∫éÁ†îÁ©∂ÂíåÂºÄÂèëLinuxÂÜÖÊ†∏v5.4.3ÔºåÂÜÖÊ†∏Ê®°ÂùóÔºåQEMUÔºågem5Âíåx86_64ÔºåARMv7ÂíåARMv8Áî®Êà∑ÁïåÈù¢‰ª•ÂèäË£∏Êú∫Ë£ÖÈÖçÔºåANSI CÔºåC ++ÂíåPOSIX„ÄÇ GDBÊ≠•È™§Ë∞ÉËØïÂíåKGDBÂèØ‰ª•Ê≠£Â∏∏Â∑•‰Ωú„ÄÇ Áî±BuildrootÂíåcrosstool-NGÊîØÊåÅ„ÄÇ È´òÂ∫¶Ëá™Âä®Âåñ„ÄÇ ÂΩªÂ∫ïËÆ∞ÂΩï„ÄÇ Ëá™Âä®ÂåñÊµãËØï„ÄÇ Âú®Ubuntu 19.10‰∏ªÊú∫‰∏≠ÁªèËøá‚ÄúÊµãËØï‚Äù„ÄÇ"
106987206,1557,"['Java', 'C', 'Objective-C']",https://api.github.com/repos/FangWW/Document,https://github.com/FangWW/Document.git,üìò  ÂêÑÁßçÁºñÁ®ãÂ≠¶‰π†ËµÑÊñô (Android C C++ DataBase HTML5 JavaWeb ios python uml ‰∫∫Â∑•Êô∫ËÉΩ Êìç‰ΩúÁ≥ªÁªü Êï∞Â≠¶ Êï∞ÊçÆÁªìÊûÑ Á®ãÂ∫èÂëòÈúÄË¶ÅÁöÑÊäÄÊúØ Á®ãÂ∫èËÆæËÆ° ÁºñËØëÂéüÁêÜ ËÆ°ÁÆóÊú∫ÁªÑÊàê‰∏éÁªìÊûÑ ËÆ°ÁÆóÊú∫ÁΩëÁªú ËÆæËÆ°Ê®°Âºè ËΩØ‰ª∂Â∑•Á®ã Èù¢ËØïÁªèÈ™å)
7246788,1361,"['Python', 'C', 'Yacc']",https://api.github.com/repos/wummel/linkchecker,https://github.com/wummel/linkchecker.git,check links in web documents or full websites
73525991,706,"['Python', 'C', 'HTML']",https://api.github.com/repos/grimm-co/NotQuite0DayFriday,https://github.com/grimm-co/NotQuite0DayFriday.git,"This is a repo which documents real bugs in real software to illustrate trends, learn how to prevent or find them more quickly."
94802433,525,"['Java', 'C++', 'C']",https://api.github.com/repos/google/samba-documents-provider,https://github.com/google/samba-documents-provider.git,Access network file shares directly from the Android Downloads/Files app
15122079,257,"['Python', 'C', 'R']",https://api.github.com/repos/tonyfischetti/sake,https://github.com/tonyfischetti/sake.git,A self-documenting build automation tool
23616691,211,"['Python', 'C++', 'C']",https://api.github.com/repos/mattilyra/LSH,https://github.com/mattilyra/LSH.git,Locality Sensitive Hashing using MinHash in Python/Cython to detect near duplicate text documents
114777739,185,"['Python', 'C++', 'C']",https://api.github.com/repos/KhronosGroup/NNEF-Tools,https://github.com/KhronosGroup/NNEF-Tools.git,The NNEF Tools repository contains tools to generate and consume NNEF documents
53614190,5852,"['C', 'Python', 'Makefile']",https://api.github.com/repos/eclipse/mosquitto,https://github.com/eclipse/mosquitto.git,Eclipse Mosquitto - An open source MQTT broker
101408117,2813,"['Java', 'C++', 'C']",https://api.github.com/repos/eclipse-openj9/openj9,https://github.com/eclipse-openj9/openj9.git,"Eclipse OpenJ9: A Java Virtual Machine for OpenJDK that's optimized for small footprint, fast start-up, and high throughput.   Builds on Eclipse OMR (https://github.com/eclipse/omr) and combines with the Extensions for OpenJDK for OpenJ9 repo."
108592307,1361,"['C++', 'Python', 'C']",https://api.github.com/repos/eclipse/sumo,https://github.com/eclipse/sumo.git,"Eclipse SUMO is an open source, highly portable, microscopic and continuous traffic simulation package designed to handle large networks. It allows for intermodal simulation including pedestrians and comes with a large set of tools for scenario creation."
143776042,96,"['Java', 'C', 'C#']",https://api.github.com/repos/eclipse/tahu,https://github.com/eclipse/tahu.git,Eclipse Tahu addresses the existence of legacy SCADA/DCS/ICS protocols and infrastructures and provides a much-needed definition of how best to apply MQTT into these existing industrial operational environments.
85172345,72,"['C++', 'Python', 'C']",https://api.github.com/repos/equinor/ecl,https://github.com/equinor/ecl.git,Software for reading and writing the result files from the Eclipse reservoir simulator.
62196225,32,"['Java', 'C', 'C++']",https://api.github.com/repos/cnfree/SWT-Win32-Extension,https://github.com/cnfree/SWT-Win32-Extension.git,SWT Win32 Extension extends the Eclipse library SWT.
6267670,28,"['C', 'Python', 'CMake']",https://api.github.com/repos/Ensembles/ert,https://github.com/Ensembles/ert.git,"Ert has been split into three repositories, libecl, libres, and ert, and now lives at Equinor's GitHub organization ‚Äî https://github.com/equinor/libecl | https://github.com/equinor/libres | https://github.com/equinor/ert"
140433862,23,"['Java', 'C', 'C++']",https://api.github.com/repos/ibmruntimes/openj9-openjdk-jdk11,https://github.com/ibmruntimes/openj9-openjdk-jdk11.git,Extensions for OpenJDK 11 for Eclipse OpenJ9
136328019,13,"['Java', 'C', 'C++']",https://api.github.com/repos/ibmruntimes/openj9-openjdk-jdk,https://github.com/ibmruntimes/openj9-openjdk-jdk.git,Extensions for OpenJDK for Eclipse OpenJ9
1277217,11,"['C', 'Java', 'C++']",https://api.github.com/repos/luaforge/lua-eclipse-ide,https://github.com/luaforge/lua-eclipse-ide.git,"The Lua Eclipse Integrated Development Environment (IDE) is a set of Eclipse plug-ins that provide an editor and debugger for developing Lua scripts.

If you use Eclipse to develop Java or C/C++ then you already know how to use the Lua Eclipse IDE.

This repository was converted from a CVS repository on luaforge.net on Jan. 20, 2010.
If you are the maintainer, please fork and then email luaforge@gmail.com and ask us to ""reroot"" it to you.
(Or you can ask us to delete the repository.)

"
161509700,228,"['Shell', 'Python', 'C']",https://api.github.com/repos/PaddlePaddle/FleetX,https://github.com/PaddlePaddle/FleetX.git,Paddle Distributed Training Extended. È£ûÊ°®ÂàÜÂ∏ÉÂºèËÆ≠ÁªÉÊâ©Â±ïÂåÖ
145003699,119,"['C', 'Python', 'C++']",https://api.github.com/repos/gvtulder/elasticdeform,https://github.com/gvtulder/elasticdeform.git,"Differentiable elastic deformations for N-dimensional images (Python, SciPy, NumPy, TensorFlow, PyTorch)."
121218280,37,"['Java', 'C', 'JavaScript']",https://api.github.com/repos/Ifsttar/qrtone,https://github.com/Ifsttar/qrtone.git,Allows your device to communicate in an electronic sound language. Follow us on twitter: https://twitter.com/qrtone
74648,7,"['Python', 'C', 'Objective-C']",https://api.github.com/repos/lordofhyphens/ece495a,https://github.com/lordofhyphens/ece495a.git,Project to design and develop a wireless electronic diagnostic tool.
55732417,671,"['Python', 'Makefile', 'C']",https://api.github.com/repos/Genetic-Malware/Ebowla,https://github.com/Genetic-Malware/Ebowla.git,Framework for Making Environmental Keyed Payloads (NO LONGER SUPPORTED)
16151697,9,"['Python', 'C', 'R']",https://api.github.com/repos/ivyleavedtoadflax/Sensor,https://github.com/ivyleavedtoadflax/Sensor.git,A raspberry pi based environmental sensor platform implemented in python and R
336418932,2,"['HTML', 'Python', 'C']",https://api.github.com/repos/ECE-412-Capstone-Sensor-Suite/Team-20-Sensor-Suite,https://github.com/ECE-412-Capstone-Sensor-Suite/Team-20-Sensor-Suite.git,"ECE 412/413 Capstone - Team 20 - Sensor Suite Project. Produce a wireless environmental sensor data logger that can be powered by battery or low-voltage bus (e.g., 12V)."
239213198,2,"['Python', 'C', 'C++']",https://api.github.com/repos/roaj/Vulcan_Labs,https://github.com/roaj/Vulcan_Labs.git,ESET 419/420 Senior Design Project. VULCAN LABS.
131698132,0,"['C++', 'Python', 'C']",https://api.github.com/repos/nawimaczeta/eset1,https://github.com/nawimaczeta/eset1.git,
425431070,59,"['C', 'Java']",https://api.github.com/repos/gdscewha-3rd/DevFest-2021-Secure-Coding-Guideline,https://github.com/gdscewha-3rd/DevFest-2021-Secure-Coding-Guideline.git,üå≤ Í∞úÎ∞ú Î≥¥Ïïà ÏãúÌÅêÏñ¥ ÏΩîÎî© Í∞ÄÏù¥ÎìúÎùºÏù∏ üå≤ DevFest 2021 Ewha Womans University : Secure Coding Guideline
427126105,1,"['Python', 'C', 'Rust']",https://api.github.com/repos/xansec/ForAllSecureTrainingDemos,https://github.com/xansec/ForAllSecureTrainingDemos.git,
386405026,1,"['C', 'Python']",https://api.github.com/repos/ankit18018/Secure-File-Transfer,https://github.com/ankit18018/Secure-File-Transfer.git,Basically it's encrypted file transferring tool using OTP(Password)
99038955,0,"['Java', 'C']",https://api.github.com/repos/samuelli97/SecureFileComparison,https://github.com/samuelli97/SecureFileComparison.git,Implementation for the Secure Document Comparison project at the 2017 REU in Secure Cloud Computing at Missouri University of Science and Technology.
322562837,0,"['Go', 'Python', 'C']",https://api.github.com/repos/erfanhss/SecureFederatedLearning,https://github.com/erfanhss/SecureFederatedLearning.git,
125080173,182,"['Java', 'C', 'Makefile']",https://api.github.com/repos/iamutkarshtiwari/Ananas,https://github.com/iamutkarshtiwari/Ananas.git,An easy image editor integration for your Android apps. 
14951906,377,"['C', 'Python', 'Shell']",https://api.github.com/repos/docker-rpm-builder/docker-rpm-builder,https://github.com/docker-rpm-builder/docker-rpm-builder.git,"Build native RPM packages for Centos/RHEL/Fedora from any Linux distro or even OSX, by leveraging docker capabilities."
97522176,34,"['Python', 'C', 'Shell']",https://api.github.com/repos/firesim/FireMarshal,https://github.com/firesim/FireMarshal.git,Software workload management tool for RISC-V based SoC research. This is the default workload management tool for Chipyard and FireSim.
177149736,31,"['C', 'Python', 'Shell']",https://api.github.com/repos/rpminspect/rpminspect,https://github.com/rpminspect/rpminspect.git,"RPM (single RPMs, SRPMs, Koji builds, Fedora modules) build deviation analysis tools"
91679912,22,"['Shell', 'Python', 'C']",https://api.github.com/repos/fusion809/i3-configs,https://github.com/fusion809/i3-configs.git,My i3 configuration
24231810,1280,"['Python', 'C++', 'C']",https://api.github.com/repos/dthpham/butterflow,https://github.com/dthpham/butterflow.git,Make motion interpolated and fluid slow motion videos from the command line.
102030660,1161,"['C++', 'Python', 'C']",https://api.github.com/repos/rlguy/Blender-FLIP-Fluids,https://github.com/rlguy/Blender-FLIP-Fluids.git,"The FLIP Fluids addon is a tool that helps you set up, run, and render high quality liquid fluid effects all within Blender, the free and open source 3D creation suite."
67459953,1064,"['Java', 'C', 'GLSL']",https://api.github.com/repos/diwi/PixelFlow,https://github.com/diwi/PixelFlow.git,A Processing/Java library for high performance GPU-Computing (GLSL). Fluid Simulation + SoftBody Dynamics + Optical Flow + Rendering + Image Processing + Particle Systems + Physics +...
139734377,57,"['C++', 'Python', 'C']",https://api.github.com/repos/wiewel/LatentSpacePhysics,https://github.com/wiewel/LatentSpacePhysics.git,Towards Learning the Temporal Evolution of Fluid Flow
59596089,45,"['C++', 'Python', 'C']",https://api.github.com/repos/jkfurtney/PFC3D_OpenFOAM,https://github.com/jkfurtney/PFC3D_OpenFOAM.git,Using PFC3D with OpenFOAM for fluid-particle interaction modeling.
101348563,44,"['Python', 'C', 'C++']",https://api.github.com/repos/cschenck/SmoothParticleNets,https://github.com/cschenck/SmoothParticleNets.git,A set of custom deep network layers written in PyTorch to enable computation with unordered particle sets with an emphasis on fluid dynamics.
53847277,20,"['Java', 'C', 'C++']",https://api.github.com/repos/ChinaWallace/Android_FluidSynth_MidiDriver,https://github.com/ChinaWallace/Android_FluidSynth_MidiDriver.git,"androidËøûÊé•midiËÆæÂ§áËé∑ÂèñmidiEvent,ÈÄöËøáfluidsynthÂä†ËΩΩsf2ÊàñÁî®SONiVOXÁöÑEASÊí≠ÊîæmidiEvent"
144777093,17,"['C++', 'Python', 'C']",https://api.github.com/repos/funkb/Flip-Fluids-Builds-Blender-,https://github.com/funkb/Flip-Fluids-Builds-Blender-.git,Here are the built from source add-ons of Flip Fluids for Blender
168374366,9,"['Python', 'C', 'Jupyter Notebook']",https://api.github.com/repos/StochSS/SpatialPy,https://github.com/StochSS/SpatialPy.git,Simulation of spatial deterministic/stochastic reaction-diffusion-advection problems embedded in Lagrangian reference frame particle based fluid dynamics domain
165045671,2,"['Java', 'C', 'Go']",https://api.github.com/repos/ForgeRock/identity-edge-controller-docs,https://github.com/ForgeRock/identity-edge-controller-docs.git,"Developer documentation, sample code and a training environment for the ForgeRock Identity Edge Controller"
20101515,7994,"['Python', 'C', 'Makefile']",https://api.github.com/repos/giampaolo/psutil,https://github.com/giampaolo/psutil.git,Cross-platform lib for process and system monitoring in Python
73311939,11,"['Python', 'C']",https://api.github.com/repos/stillson/pycapsicum2,https://github.com/stillson/pycapsicum2.git,pycapsicum for FreeBSD10. Python interface to FreeBSD security capabilities.
299980137,5,"['C', 'Python', 'Shell']",https://api.github.com/repos/emmaunel/azula,https://github.com/emmaunel/azula.git,Freebsd rootkit 
135230742,1707,"['Python', 'C++', 'C']",https://api.github.com/repos/MaybeShewill-CV/lanenet-lane-detection,https://github.com/MaybeShewill-CV/lanenet-lane-detection.git,Unofficial implemention of lanenet model for real time lane detection using deep neural network model https://maybeshewill-cv.github.io/lanenet-lane-detection/
90667664,1426,"['Python', 'C', 'C++']",https://api.github.com/repos/abatchy17/WindowsExploits,https://github.com/abatchy17/WindowsExploits.git,"Windows exploits, mostly precompiled. Not being updated. Check https://github.com/SecWiki/windows-kernel-exploits instead."
44414987,186,"['C', 'Python', 'Shell']",https://api.github.com/repos/ntpsec/ntpsec,https://github.com/ntpsec/ntpsec.git,"The Network Time Protocol suite, refactored   GitHub is a mirror of https://gitlab.com/NTPsec/ntpsec"
436168971,179,"['Java', 'C', 'C++']",https://api.github.com/repos/E869120/math-algorithm-book,https://github.com/E869120/math-algorithm-book.git,ÊãôËëó„Äé„Äå„Ç¢„É´„Ç¥„É™„Ç∫„É†√óÊï∞Â≠¶„Äç„ÅåÂü∫Á§é„Åã„Çâ„Åó„Å£„Åã„ÇäË∫´„Å´„Å§„ÅèÊú¨„ÄèÔºà12/25 Áô∫Â£≤‰∫àÂÆöÔºâ„ÅÆ GitHub „Éö„Éº„Ç∏„Åß„Åô„ÄÇÊºîÁøíÂïèÈ°å„ÅÆËß£Á≠î„ÇÑ„ÄÅC++ ‰ª•Â§ñ„ÅÆ„ÇΩ„Éº„Çπ„Ç≥„Éº„Éâ„Å™„Å©„ÅåÊé≤Ëºâ„Åï„Çå„Å¶„ÅÑ„Åæ„Åô„ÄÇ„Åú„Å≤„ÅîÊ¥ªÁî®„Åè„Å†„Åï„ÅÑ„ÄÇ
1017693,160,"['C', 'Python', 'C++']",https://api.github.com/repos/nigma/pywt,https://github.com/nigma/pywt.git,We're moving. Please visit https://github.com/PyWavelets
309964,160,"['Java', 'C', 'TeX']",https://api.github.com/repos/ProjectCCNx/ccnx,https://github.com/ProjectCCNx/ccnx.git,THIS REPOSITORY IS NO LONGER MAINTAINED.   IT HAS BEEN COMPLETELY REPLACED BY https://github.com/PARC/CCNx_Distillery
3106749,1132,"['Objective-C', 'Java', 'C']",https://api.github.com/repos/Lyndir/MasterPassword,https://github.com/Lyndir/MasterPassword.git,Project moved to https://gitlab.com/spectre.app
20008432,825,"['C', 'Java', 'Makefile']",https://api.github.com/repos/guardianproject/orbot,https://github.com/guardianproject/orbot.git,The Github home of Orbot: Tor on Android (Also available on gitlab!)
107785854,436,"['C', 'Python', 'Rust']",https://api.github.com/repos/centricular/gstwebrtc-demos,https://github.com/centricular/gstwebrtc-demos.git,Superseded by https://gitlab.freedesktop.org/gstreamer/gst-examples/-/tree/master/webrtc - Demo apps for using gstreamer's webrtc implementation
36075339,138,"['C', 'Python', 'Dockerfile']",https://api.github.com/repos/libvirt/libvirt-python,https://github.com/libvirt/libvirt-python.git,Read-only mirror. Please submit merge requests / issues to https://gitlab.com/libvirt/libvirt-python
4526702,131,"['Python', 'C', 'Shell']",https://api.github.com/repos/GNOME/pygobject,https://github.com/GNOME/pygobject.git,Read-only mirror of https://gitlab.gnome.org/GNOME/pygobject
4457462,63,"['Python', 'C++', 'C']",https://api.github.com/repos/openpaperwork/pyinsane,https://github.com/openpaperwork/pyinsane.git,Python library to access and use image scanners (Linux/Windows/etc) (Sane/WIA) -- Moved to Gnome's Gitlab
55808787,2664,"['C++', 'Python', 'C']",https://api.github.com/repos/openthread/openthread,https://github.com/openthread/openthread.git,OpenThread released by Google is an open-source implementation of the Thread networking protocol
201338678,1248,"['Java', 'C++', 'C']",https://api.github.com/repos/google/live-transcribe-speech-engine,https://github.com/google/live-transcribe-speech-engine.git,Live Transcribe is an Android application that provides real-time captioning for people who are deaf or hard of hearing. This repository contains the Android client libraries for communicating with Google's Cloud Speech API that are used in Live Transcribe.
86285818,860,"['Java', 'C', 'CMake']",https://api.github.com/repos/licheedev/Android-SerialPort-API,https://github.com/licheedev/Android-SerialPort-API.git,ForkËá™GoogleÂºÄÊ∫êÁöÑAndroid‰∏≤Âè£ÈÄö‰ø°DemoÔºå‰øÆÊîπÊàêAndroid StudioÈ°πÁõÆ
43035979,725,"['Python', 'C', 'C++']",https://api.github.com/repos/JPaulMora/Pyrit,https://github.com/JPaulMora/Pyrit.git,"The famous WPA precomputed cracker, Migrated from Google."
694779,611,"['Java', 'Objective-C', 'C']",https://api.github.com/repos/ZhouWeikuan/cocos2d,https://github.com/ZhouWeikuan/cocos2d.git,"cocos2d for android,  based on cocos2d-android-0.82, and now ported from cocos2d-iphone 0.99.4.  The googlecode address is here: http://code.google.com/p/cocos2d-android-1/ . There are several demos to watch."
76567,350,"['Python', 'C', 'Go']",https://api.github.com/repos/timburks/openradar,https://github.com/timburks/openradar.git,A Google App Engine app for sharing information about radars that we've submitted.
179259043,0,"['Java', 'C']",https://api.github.com/repos/gibins/hackerone,https://github.com/gibins/hackerone.git,
2642904,8,"['C', 'Python']",https://api.github.com/repos/ssbarnea/pyHikvision,https://github.com/ssbarnea/pyHikvision.git,Python wrapper to Hickvision Player SDK. It can be used to open and analyse hickvision video files.
137349791,1,"['C++', 'Python', 'C']",https://api.github.com/repos/hustpython/HIKVISIONICode2018,https://github.com/hustpython/HIKVISIONICode2018.git,
26281332,29,"['Python', 'C', 'Cython']",https://api.github.com/repos/dedupeio/hcluster,https://github.com/dedupeio/hcluster.git,Hierarchical Clustering Algorithms
205417463,284,"['C++', 'Java', 'C']",https://api.github.com/repos/c2s/OpenArkCompiler,https://github.com/c2s/OpenArkCompiler.git,"This is the OpenArkCompiler mirror repository, keeping up-to-date with the official update."
61416151,49,"['Python', 'C', 'Shell']",https://api.github.com/repos/LeeXiaolan/hwfw-tool,https://github.com/LeeXiaolan/hwfw-tool.git,Huawei ONT HG8120C upgrade file repack tool
89198301,40,"['Java', 'C++', 'C']",https://api.github.com/repos/YANYUQI/2017HuaweiCodeCraft,https://github.com/YANYUQI/2017HuaweiCodeCraft.git,2017Âçé‰∏∫ËΩØ‰ª∂Á≤æËã±ÊåëÊàòËµõ
130869332,35,"['Python', 'C', 'Shell']",https://api.github.com/repos/embedi/Huawei-firewall-tools,https://github.com/embedi/Huawei-firewall-tools.git,
5273088,13,"['Shell', 'Java', 'C']",https://api.github.com/repos/aftersilence/android_device_huawei_hws7300u,https://github.com/aftersilence/android_device_huawei_hws7300u.git,Device tree to build CyanogenMod roms for Huawei Mediapad (s7-301u)
80367320,12,"['Java', 'C++', 'C']",https://api.github.com/repos/OpenKirin/android_device_huawei_eva,https://github.com/OpenKirin/android_device_huawei_eva.git,
377777885,12,"['C++', 'Java', 'C']",https://api.github.com/repos/HMS-Core/hms-av-pipeline-demo,https://github.com/HMS-Core/hms-av-pipeline-demo.git,"HUAWEI AV Pipeline Kit sample code project, which contains the Java sample code to implement functions like video playback, video super-resolution and media asset management. C++ sample code is contained for calling MediaFilter to use the sound event detection plugin."
60589790,7,"['Java', 'C++', 'C']",https://api.github.com/repos/liuhang93/future_net2016,https://github.com/liuhang93/future_net2016.git,2016Âçé‰∏∫ËΩØ‰ª∂Á≤æËã±ÊåëÊàòËµõ‰∫öÂÜõ
98516957,5,"['Java', 'C++', 'C']",https://api.github.com/repos/OpenKirin/android_device_huawei_vns,https://github.com/OpenKirin/android_device_huawei_vns.git,
283966371,4,"['Python', 'C++', 'C']",https://api.github.com/repos/jizhuoran/caffe-huawei-atlas-convertor,https://github.com/jizhuoran/caffe-huawei-atlas-convertor.git,Convert Caffe-CPU prototxt to HUAWEI Atlas prototxt
54715282,3,"['C', 'Java', 'Makefile']",https://api.github.com/repos/ferhung-mtk/android_device_huawei_g750t01,https://github.com/ferhung-mtk/android_device_huawei_g750t01.git,This is a device tree for huawei 3x(g750t01 or G750-T01) which is based on MT6592 SoC. Powered by ferhung.
377747963,129,"['Python', 'C', 'Makefile']",https://api.github.com/repos/facebookresearch/isc2021,https://github.com/facebookresearch/isc2021.git,Code for the Image similarity challenge. 
71403128,3,"['C', 'Python', 'Makefile']",https://api.github.com/repos/bakkerjarr/ISCX2012DatasetProcessing,https://github.com/bakkerjarr/ISCX2012DatasetProcessing.git,An application for processing data within the ISCX 2012 DDoS dataset.
209875438,3,"['Python', 'C', 'Fortran']",https://api.github.com/repos/aria-jpl/isce_stamps_processing,https://github.com/aria-jpl/isce_stamps_processing.git,This repo is meant to process an ISCE Topsstack Coregistered SLC stack with StaMPS Persistant Scatter method
420661239,2,"['Python', 'HTML', 'C']",https://api.github.com/repos/f00001111/ISCTF2021,https://github.com/f00001111/ISCTF2021.git,ISCTF2021È¢òÁõÆÂ§á‰ªΩ&WriteUp
18297360,0,"['Java', 'C']",https://api.github.com/repos/donaldp24/IncDemo,https://github.com/donaldp24/IncDemo.git,Printer Inc. advertising demo application for Android
1211314,8,"['Java', 'C']",https://api.github.com/repos/diega/libmatthew-java,https://github.com/diega/libmatthew-java.git,Set of java libraries written by Dr Matthew Johnson
174623,4,"['Python', 'C']",https://api.github.com/repos/syhw/pruning_phrase_table,https://github.com/syhw/pruning_phrase_table.git,"Python implementation of Improving Translation Quality by Discarding Most of the Phrasetable (Johnson, Martin, Foster, Kuhn 2007)"
81072535,0,"['Java', 'C', 'Makefile']",https://api.github.com/repos/hypfvieh/libmatthew,https://github.com/hypfvieh/libmatthew.git,Some libraries from Matthew Johnson: http://www.matthew.ath.cx/projects/java/
8693710,4,"['Python', 'C', 'Shell']",https://api.github.com/repos/mmozeiko/jvpn,https://github.com/mmozeiko/jvpn.git,Python script for connecting Juniper VPN on Linux
69741154,1,"['C++', 'Python', 'C']",https://api.github.com/repos/ferluht/kaspersky_crackme,https://github.com/ferluht/kaspersky_crackme.git,solution
356133268,468,"['Python', 'C', 'Shell']",https://api.github.com/repos/Metarget/metarget,https://github.com/Metarget/metarget.git,Metarget is a framework providing automatic constructions of vulnerable infrastructures.
62154566,620,"['C', 'Python']",https://api.github.com/repos/Cr4sh/ThinkPwn,https://github.com/Cr4sh/ThinkPwn.git,Lenovo ThinkPad System Management Mode arbitrary code execution 0day exploit
69198130,10,"['Java', 'C', 'C++']",https://api.github.com/repos/mohancm/android_device_lenovo_A7010a48,https://github.com/mohancm/android_device_lenovo_A7010a48.git,Device tree for Lenovo K4 Note (MT6753)
90343426,10,"['C', 'Java', 'Makefile']",https://api.github.com/repos/darklord4822/android_device_lenovo_P1m,https://github.com/darklord4822/android_device_lenovo_P1m.git,"Device Tree For Lenovo P1m (3.18.19+, LOS14.1). https://vk.com/smart_rom"
88264756,7,"['Java', 'C', 'Makefile']",https://api.github.com/repos/rohantaneja/android_device_lenovo_aio_row,https://github.com/rohantaneja/android_device_lenovo_aio_row.git,Device configuration for Lenovo A7000-a
14470354,4,"['Python', 'C', 'Shell']",https://api.github.com/repos/FabriceSalvaire/LaptopControlPanel,https://github.com/FabriceSalvaire/LaptopControlPanel.git,LaptopControlPanel is a Python module that provides a Graphical Control Panel for Lenovo Thinkpad Laptop and a console tool to monitor and manage the battery.
139477614,3,"['C', 'Java', 'Makefile']",https://api.github.com/repos/Parrot043/android_device_lenovo_a5000_adder_oreo,https://github.com/Parrot043/android_device_lenovo_a5000_adder_oreo.git, Lenovo A5000 (adder) - mt6582 - device tree 
116463258,3,"['C++', 'C', 'Java']",https://api.github.com/repos/renjian2/lineage_device_lenovo_marino_f,https://github.com/renjian2/lineage_device_lenovo_marino_f.git,LENOVO K8 PLUS DEVICE TREE
88274915,2,"['Java', 'C++', 'C']",https://api.github.com/repos/rohantaneja/android_hardware_lenovo_aio_row,https://github.com/rohantaneja/android_hardware_lenovo_aio_row.git,HALs and patches for Lenovo A7000-a
97775719,2,"['Java', 'C', 'C++']",https://api.github.com/repos/dg28gadhavi/android_device_lenovo_A7010a48,https://github.com/dg28gadhavi/android_device_lenovo_A7010a48.git,Device trees for Lenovo A7010a48
91265058,2,"['C', 'Java', 'Makefile']",https://api.github.com/repos/Lenovo-VibeB/android_device_lenovo_al732row,https://github.com/Lenovo-VibeB/android_device_lenovo_al732row.git,
112097490,1,"['C', 'Java', 'Makefile']",https://api.github.com/repos/Parrot043/android_device_lenovo_a5000_adder_nougat,https://github.com/Parrot043/android_device_lenovo_a5000_adder_nougat.git,Lenovo A5000 (adder) - mt6582 - device tree
17768148,25,"['C', 'Python', 'Shell']",https://api.github.com/repos/ereyes01/fishcam,https://github.com/ereyes01/fishcam.git,Live video stream of your aquarium with a raspberry pi and a Logitech c920
45802397,10,"['Java', 'C++', 'C']",https://api.github.com/repos/Tetz95/linux-g13-driver,https://github.com/Tetz95/linux-g13-driver.git,Logitech G13 driver for Linux
66000311,6,"['Python', 'C', 'Shell']",https://api.github.com/repos/cook1e-monster/k380-function-keys-conf-applet,https://github.com/cook1e-monster/k380-function-keys-conf-applet.git,Make function keys on Logitech k380 bluetooth keyboard default with applet
149540173,2,"['Java', 'C', 'TypeScript']",https://api.github.com/repos/Dreiparrent/logi-craft-vscode,https://github.com/Dreiparrent/logi-craft-vscode.git,A versatile tool for use with the Logitech Craft Keyboard Crown and Visual Studio Code.
5859987,0,"['Python', 'C++', 'C']",https://api.github.com/repos/adamnilsson/orbit_camera_actuation,https://github.com/adamnilsson/orbit_camera_actuation.git,Ros package to control a Logitech Orbit Quickcam
106979537,125,"['Python', 'Kaitai Struct', 'C']",https://api.github.com/repos/cyrozap/mediatek-lte-baseband-re,https://github.com/cyrozap/mediatek-lte-baseband-re.git,Notes and utilities for reverse engineering the MediaTek LTE baseband and its Coresonic DSP.
52148045,20,"['C', 'Java', 'Makefile']",https://api.github.com/repos/rohantaneja/android_device_mediatek_mt6582,https://github.com/rohantaneja/android_device_mediatek_mt6582.git,Generic MediaTek MT6582 device configuration.
127603090,11,"['C', 'Java', 'Makefile']",https://api.github.com/repos/LineageOS-MediaTek/android_device_mediatek_common,https://github.com/LineageOS-MediaTek/android_device_mediatek_common.git,
48897598,5,"['Java', 'C++', 'C']",https://api.github.com/repos/jianminglok/android_vendor_mediatek,https://github.com/jianminglok/android_vendor_mediatek.git,Proprietary file for Mediatek devices (MT6795)
62504451,4,"['Java', 'C++', 'C']",https://api.github.com/repos/diparthshah/MTK_FM-RADIO,https://github.com/diparthshah/MTK_FM-RADIO.git,Mediatek FM Radio Application
77532870,4,"['Java', 'Makefile', 'C']",https://api.github.com/repos/MTK-Dev/android_device_mediatek_mt6795-common,https://github.com/MTK-Dev/android_device_mediatek_mt6795-common.git,Common device tree for MediaTek MT6795 devices
73838923,3,"['Java', 'C++', 'C']",https://api.github.com/repos/wadimaks/android_device_mediatek_mt6580,https://github.com/wadimaks/android_device_mediatek_mt6580.git,
141637061,3,"['Java', 'Makefile', 'C']",https://api.github.com/repos/Black-Seraph/android_device_mediatek_mt8173-common,https://github.com/Black-Seraph/android_device_mediatek_mt8173-common.git,
17545218,2,"['C', 'Java', 'C++']",https://api.github.com/repos/CM-RK3188/android_hardware_mediatek,https://github.com/CM-RK3188/android_hardware_mediatek.git,
31828137,2,"['C', 'Java', 'C++']",https://api.github.com/repos/Nu3001/hardware_mediatek,https://github.com/Nu3001/hardware_mediatek.git,
76358234,1,"['C', 'Java', 'Makefile']",https://api.github.com/repos/bahamut657/android_device_mediatek_mt6582,https://github.com/bahamut657/android_device_mediatek_mt6582.git,device tree for building cm13 on mt6582 SoC based
25398616,1,"['Java', 'C++', 'C']",https://api.github.com/repos/aomp/android_mediatek_frameworks,https://github.com/aomp/android_mediatek_frameworks.git,
55657952,1,"['C', 'Java', 'Makefile']",https://api.github.com/repos/TeamWin/android_device_mediatek_sprout-common,https://github.com/TeamWin/android_device_mediatek_sprout-common.git,
117098199,1,"['C', 'Java', 'C++']",https://api.github.com/repos/jhonToni/android_device_mediatek_mt6582,https://github.com/jhonToni/android_device_mediatek_mt6582.git,This is a device tree for mt6582 device . Based on Stock Kitkat kernel (3.4.67)
38793429,0,"['C', 'Java', 'C++']",https://api.github.com/repos/topeetOrg/android_hardware_mediatek,https://github.com/topeetOrg/android_hardware_mediatek.git,android_hardware_mediatek
31341805,0,"['Python', 'HTML', 'C']",https://api.github.com/repos/doctori/mediaTek,https://github.com/doctori/mediaTek.git,
36641474,0,"['C', 'Java', 'C++']",https://api.github.com/repos/opensourcechipspark/platform_hardware_mediatek,https://github.com/opensourcechipspark/platform_hardware_mediatek.git,
149412684,0,"['C', 'Java', 'Makefile']",https://api.github.com/repos/OpenWatchProject/android_device_mediatek_edge,https://github.com/OpenWatchProject/android_device_mediatek_edge.git,
169130168,0,"['C', 'Java', 'Makefile']",https://api.github.com/repos/DeVviL/android_device_mediatek_infinity,https://github.com/DeVviL/android_device_mediatek_infinity.git,
168995726,0,"['Java', 'C', 'Makefile']",https://api.github.com/repos/Iscle/android_device_mediatek_droidna,https://github.com/Iscle/android_device_mediatek_droidna.git,
166607205,0,"['C', 'Java', 'Makefile']",https://api.github.com/repos/RezaT4795/android_device_mediatek_mt6582,https://github.com/RezaT4795/android_device_mediatek_mt6582.git,
85059085,0,"['Java', 'Makefile', 'C']",https://api.github.com/repos/maemo5/android_device_mediatek_mt6795-common,https://github.com/maemo5/android_device_mediatek_mt6795-common.git,Common device tree for MediaTek MT6795 devices
83520964,0,"['C', 'Java', 'Makefile']",https://api.github.com/repos/adi766/android_device_mediatek_mt6592,https://github.com/adi766/android_device_mediatek_mt6592.git,
75541307,0,"['C', 'Java', 'Makefile']",https://api.github.com/repos/hersche/android_device_mediatek_mt6582,https://github.com/hersche/android_device_mediatek_mt6582.git,
117303332,0,"['C', 'Java', 'Makefile']",https://api.github.com/repos/chijure/android_device_mediatek_mt6582,https://github.com/chijure/android_device_mediatek_mt6582.git,
265754660,0,"['C', 'Java', 'Makefile']",https://api.github.com/repos/TwistedUmbrella/android_device_mediatek_C10_480X640_LFLT,https://github.com/TwistedUmbrella/android_device_mediatek_C10_480X640_LFLT.git,LEMFO LEMT Device Tree
61617103,0,"['Python', 'C']",https://api.github.com/repos/genesiscrew/SWEN221,https://github.com/genesiscrew/SWEN221.git,"Projects completed for SWEN221 software development course. The course develops a deeper understanding of object- oriented programming and associated practices. The focus is on programming techniques at the micro scale. Topics include: inheritance, polymorphism, genericity, error handling, testing and debugging."
45885732,1319,"['Python', 'C++', 'C']",https://api.github.com/repos/nvaccess/nvda,https://github.com/nvaccess/nvda.git,"NVDA, the free and open source Screen Reader for Microsoft Windows"
241154692,401,"['C++', 'Python', 'C']",https://api.github.com/repos/0x09AL/IIS-Raid,https://github.com/0x09AL/IIS-Raid.git,A native backdoor module for Microsoft IIS (Internet Information Services)
33461030,232,"['Python', 'C']",https://api.github.com/repos/moyix/pdbparse,https://github.com/moyix/pdbparse.git,Python code to parse Microsoft PDB files
34344947,119,"['Java', 'C++', 'C']",https://api.github.com/repos/melloware/jintellitype,https://github.com/melloware/jintellitype.git,JIntellitype is a Java API for interacting with Microsoft Intellitype commands as well as registering for Global Hotkeys in your Java application.
19614538,5,"['Python', 'C++', 'C']",https://api.github.com/repos/harshadura/libmut,https://github.com/harshadura/libmut.git,libmut is an implementation of the MUT III protocol used by Mitsubishi diagnostic tools. The library supports the OpenPort OBD-II cable. 
28383696,0,"['C', 'Python']",https://api.github.com/repos/jmio/Q24,https://github.com/jmio/Q24.git,Utility for Q24 Mitsubishi C-Language Sequencer
30701672,324,"['Python', 'C', 'Makefile']",https://api.github.com/repos/Georce/lepus,https://github.com/Georce/lepus.git,"ÂºÄÊ∫ê‰ºÅ‰∏öÁ∫ßÊï∞ÊçÆÂ∫ìÁõëÊéßÁ≥ªÁªü,MySQL/Oracle/MongoDB/Redis‰∏ÄÁ´ôÂºèÊÄßËÉΩÁõëÊéßÔºåËÆ©Êï∞ÊçÆÂ∫ìÁõëÊéßÊõ¥ÁÆÄÂçï"
404180,137,"['Python', 'C', 'JavaScript']",https://api.github.com/repos/bububa/MongoHub,https://github.com/bububa/MongoHub.git,Mongodb GUI tool based on Titanium. If you want a native mac version please check http://github.com/bububa/MongoHub-Mac
11802259,1973,"['Python', 'C', 'JavaScript']",https://api.github.com/repos/Komodo/KomodoEdit,https://github.com/Komodo/KomodoEdit.git,"Komodo Edit is a fast and free multi-language code editor. Written in JS, Python, C++ and based on the Mozilla platform."
3577185,8,"['C', 'Python', 'Objective-C']",https://api.github.com/repos/mozilla/stoneridge,https://github.com/mozilla/stoneridge.git,Testing framework for Necko (Mozilla's networking stack)
45950318,9,"['Python', 'C++', 'C']",https://api.github.com/repos/liush79/naver-webtoon,https://github.com/liush79/naver-webtoon.git,Automatically exported from code.google.com/p/naver-webtoon
57357764,1,"['Python', 'Perl', 'C']",https://api.github.com/repos/mjmotojohnson/P4Flex,https://github.com/mjmotojohnson/P4Flex.git,Perforce Flex: Using NetApp FlexClones in a development environment with Perforce integration using the P4 Broker
20972089,0,"['C++', 'Java', 'C']",https://api.github.com/repos/xinghuangxu/netapp.sonar.cxx-plugin,https://github.com/xinghuangxu/netapp.sonar.cxx-plugin.git,
8576900,0,"['Java', 'C++', 'C']",https://api.github.com/repos/letama/frameworks_base,https://github.com/letama/frameworks_base.git,AOSP 4.2.x for nozomi
12989790,1468,"['C', 'Java', 'Lua']",https://api.github.com/repos/moonlight-stream/moonlight-android,https://github.com/moonlight-stream/moonlight-android.git,GameStream client for Android
1575307,864,"['Python', 'C++', 'C']",https://api.github.com/repos/inducer/pyopencl,https://github.com/inducer/pyopencl.git,"OpenCL integration for Python, plus shiny features"
175103120,812,"['Python', 'C++', 'C']",https://api.github.com/repos/microsoft/DirectML,https://github.com/microsoft/DirectML.git,"DirectML is a high-performance, hardware-accelerated DirectX 12 library for machine learning. DirectML provides GPU acceleration for common machine learning tasks across a broad range of supported hardware and drivers, including all DirectX 12-capable GPUs from vendors such as AMD, Intel, NVIDIA, and Qualcomm."
274578755,124,"['C++', 'Python', 'C']",https://api.github.com/repos/microsoft/antares,https://github.com/microsoft/antares.git,"Antares: an automatic engine for multi-platform kernel generation and optimization. Supporting CPU, CUDA, ROCm, DirectX12, GraphCore, SYCL for CPU/GPU, OpenCL for AMD/NVIDIA, Android CPU/GPU backends."
243770185,50,"['Python', 'C', 'C++']",https://api.github.com/repos/puzzlelib/PuzzleLib,https://github.com/puzzlelib/PuzzleLib.git,Deep Learning framework with NVIDIA & AMD support
106133274,32,"['Python', 'C', 'Cuda']",https://api.github.com/repos/stovorov/ConjugateGradients,https://github.com/stovorov/ConjugateGradients.git,Implementation of ConjugateGradients method using C and Nvidia CUDA
211216972,26,"['Python', 'C', 'Shell']",https://api.github.com/repos/raspberry-pi-maker/NVIDIA-Jetson,https://github.com/raspberry-pi-maker/NVIDIA-Jetson.git,NVIDIA Jetson series
174183782,25,"['C', 'Python', 'PLpgSQL']",https://api.github.com/repos/omnisci/F1-demo,https://github.com/omnisci/F1-demo.git,Real-time vehicle telematics analytics demo using OmniSci
296641358,19,"['Java', 'C', 'Python']",https://api.github.com/repos/valdivj/Xavier-NX_Ignition_Maker,https://github.com/valdivj/Xavier-NX_Ignition_Maker.git,Nvidia Deepstream5+Ignition Maker+Metatdata+Python
104817259,14,"['Python', 'C']",https://api.github.com/repos/siddharthsharmanv/cudacasts,https://github.com/siddharthsharmanv/cudacasts.git,Code used in NVIDIA CUDA Videos
335435151,14,"['Java', 'C', 'Python']",https://api.github.com/repos/valdivj/Deepstream-IGN-Maker-YOLO,https://github.com/valdivj/Deepstream-IGN-Maker-YOLO.git,Nvidia Deepstream YOLO Python App
323203697,11,"['C', 'Python', 'C++']",https://api.github.com/repos/aws-samples/aws-iot-greengrass-v2-deploy-nvidia-deepstream,https://github.com/aws-samples/aws-iot-greengrass-v2-deploy-nvidia-deepstream.git,How to use AWS IoT Greengrass V2 for Image classification and Video Analytics Pipelines
125361858,0,"['Java', 'C', 'HTML']",https://api.github.com/repos/maysgar/notification-service-ds,https://github.com/maysgar/notification-service-ds.git,"The objective of this assignment is to get the main concepts related to the design and development of a distributed application that uses different technologies (Sockets, RPC, SOAP Web Services, and REST)."
100947403,9,"['Python', 'C', 'JavaScript']",https://api.github.com/repos/guohuadeng/odoo10-x64,https://github.com/guohuadeng/odoo10-x64.git,odoo10ÁªøËâ≤ÁâàÔºå64‰ΩçÔºå‰ºòÂåñÂêÑÁßçÂèÇÊï∞
17915969,0,"['Ruby', 'Java', 'C']",https://api.github.com/repos/alabeduarte/okta-samples,https://github.com/alabeduarte/okta-samples.git,Sample web application to show how to integrate with Okta
313320630,4,"['Java', 'C++', 'C']",https://api.github.com/repos/isrc-cas/bishengjdk-11-mirror,https://github.com/isrc-cas/bishengjdk-11-mirror.git,mirror of bishengJDK-11 https://gitee.com/openeuler/bishengjdk-11/tree/risc-v
353948999,0,"['Java', 'C', 'Shell']",https://api.github.com/repos/raitpor/ExForOpenEuler,https://github.com/raitpor/ExForOpenEuler.git,openEulerÂÆûÈ™å
16235592,52,"['C', 'Python', 'SWIG']",https://api.github.com/repos/mcepl/M2Crypto,https://github.com/mcepl/M2Crypto.git,OpenSSL for Python (both 2.x and 3.x) (generated by SWIG)
83396295,33,"['Python', 'C', 'Shell']",https://api.github.com/repos/nabla-c0d3/nassl,https://github.com/nabla-c0d3/nassl.git,Experimental OpenSSL wrapper for Python 3.7+ and SSLyze.
237634574,11,"['Java', 'C', 'Makefile']",https://api.github.com/repos/robertying/AndroidCurlExample,https://github.com/robertying/AndroidCurlExample.git,Minimal Android example for using `libopenssl` and `libcurl` with `NDK` and `JNI`
90111566,8,"['Java', 'C']",https://api.github.com/repos/beyonderyue/ecdh,https://github.com/beyonderyue/ecdh.git,Demo implementation for share key negotiation between openssl and java bouncycastle (ECDH secp256k1)
358817362,5,"['C', 'Java', 'C++']",https://api.github.com/repos/purien/keystore,https://github.com/purien/keystore.git,On-line test for keystore with OPENSSL
32519119,2383,"['C', 'Java', 'Shell']",https://api.github.com/repos/schwabe/ics-openvpn,https://github.com/schwabe/ics-openvpn.git,OpenVPN for Android
2407633,55,"['Python', 'C', 'Perl']",https://api.github.com/repos/duosecurity/duo_openvpn,https://github.com/duosecurity/duo_openvpn.git,Duo two-factor authentication for OpenVPN.
48656296,26,"['C', 'Python', 'Makefile']",https://api.github.com/repos/nicolas314/2cca,https://github.com/nicolas314/2cca.git,2-cent Certification Authority
324210427,24,"['Python', 'C', 'Meson']",https://api.github.com/repos/jkotra/eOVPN,https://github.com/jkotra/eOVPN.git,OpenVPN Configuration Manager. 
19637592,14,"['Python', 'C']",https://api.github.com/repos/viyh/openvpn-iptables,https://github.com/viyh/openvpn-iptables.git,This is an OpenVPN plugin which implements per group IP tables rules
302656406,10,"['C', 'Python', 'Makefile']",https://api.github.com/repos/yandex/openvpn-python-plugin,https://github.com/yandex/openvpn-python-plugin.git,Runs python3 interpreter inside OpenVPN process in a persistent manner to answer it's plug-in calls.
136678045,7,"['Java', 'C', 'Shell']",https://api.github.com/repos/jessaofraksss/OpenVPN-Connect-for-Android,https://github.com/jessaofraksss/OpenVPN-Connect-for-Android.git,For Project Purposes Only - Git clone from offical mercurial repository
165491054,7,"['C', 'Python', 'Makefile']",https://api.github.com/repos/aborche/openvpn-plugin-python-proxy,https://github.com/aborche/openvpn-plugin-python-proxy.git,OpenVPN plugin python proxy
60185529,5,"['C', 'Shell', 'Java']",https://api.github.com/repos/alalamav/android-openvpn-lib,https://github.com/alalamav/android-openvpn-lib.git,Library version of OpenVPN for Android. [EXPERIMENT; NOT MAINTAINED]
301756296,147,"['Python', 'C', 'Makefile']",https://api.github.com/repos/joshuap233/Operating-Systems-Three-Easy-Pieces-NOTES,https://github.com/joshuap233/Operating-Systems-Three-Easy-Pieces-NOTES.git,Êìç‰ΩúÁ≥ªÁªüÂØºËÆ∫(ostep)Á¨îËÆ∞/ËØæÂêé‰π†È¢òÁ≠îÊ°à/ÈôÑÂä†‰ª£Á†Å
78930454,94,"['C', 'Java']",https://api.github.com/repos/dalmia/Operating-Systems,https://github.com/dalmia/Operating-Systems.git,'Operating System Concepts' - Solutions to exercises and projects
84153024,793,"['C', 'Python', 'PLSQL']",https://api.github.com/repos/oracle/python-cx_Oracle,https://github.com/oracle/python-cx_Oracle.git,Python interface to Oracle Database conforming to the Python DB API 2.0 specification.
49868718,621,"['Java', 'C', 'C++']",https://api.github.com/repos/graalvm/sulong,https://github.com/graalvm/sulong.git,Obsolete repository. Moved to oracle/graal.
140756906,1,"['Python', 'C', 'Makefile']",https://api.github.com/repos/then3rd/palantir-py,https://github.com/then3rd/palantir-py.git,Python utility for controlling GRBL driven 2.4ghz DIY radio-telescope. WIP
81353775,0,"['Python', 'Vue', 'C']",https://api.github.com/repos/wzwright/GroupDesignBattleship,https://github.com/wzwright/GroupDesignBattleship.git,Project for Palantir's challenge in the 2017 Oxford CS group design practical
106229254,2,"['Java', 'C', 'Makefile']",https://api.github.com/repos/officialyash007/Device-Tree-Panasonic-P55-Novo,https://github.com/officialyash007/Device-Tree-Panasonic-P55-Novo.git,cm13 device tree for Panasonic P55 Novo(1gb) [stock kk kernel(3.4.67)] - mt6592 
125630475,1,"['C', 'Java', 'Makefile']",https://api.github.com/repos/Nougat-mt6592/Android-Device-Panasonic-P55-Novo,https://github.com/Nougat-mt6592/Android-Device-Panasonic-P55-Novo.git,Nougat device tree for Panasonic P55 Novo(1gb) [stock kk kernel(3.4.67)] - mt6592
94626762,0,"['Java', 'C', 'Makefile']",https://api.github.com/repos/thakurfazer55/device_Panasonic_P55_Novo,https://github.com/thakurfazer55/device_Panasonic_P55_Novo.git,
121295632,0,"['C', 'Java', 'Makefile']",https://api.github.com/repos/jawad6233/Android-Device-Panasonic-P55-Novo,https://github.com/jawad6233/Android-Device-Panasonic-P55-Novo.git,Nougat device tree for Panasonic P55 Novo(1gb) [stock kk kernel(3.4.67)] - mt6592 
109292623,0,"['C', 'Java', 'Makefile']",https://api.github.com/repos/tribetmen/Test-Nougat-Device-Tree-Panasonic-P55-Novo,https://github.com/tribetmen/Test-Nougat-Device-Tree-Panasonic-P55-Novo.git,
111896219,0,"['C', 'Java', 'Makefile']",https://api.github.com/repos/MTK-stuff/Nougat-Android-Device-Panasonic-P55-Novo-mt6592,https://github.com/MTK-stuff/Nougat-Android-Device-Panasonic-P55-Novo-mt6592.git,
195964900,559,"['Python', 'C', 'PowerShell']",https://api.github.com/repos/P1sec/QCSuper,https://github.com/P1sec/QCSuper.git,"QCSuper is a tool communicating with Qualcomm-based phones and modems, allowing to capture raw 2G/3G/4G radio frames, among other things."
115816198,218,"['Python', 'C', 'Assembly']",https://api.github.com/repos/alephsecurity/firehorse,https://github.com/alephsecurity/firehorse.git,Research & Exploitation framework for Qualcomm EDL Firehose programmers
115657930,14,"['C', 'Java', 'Assembly']",https://api.github.com/repos/ashishTamu/USB-Camera-with-SNPE,https://github.com/ashishTamu/USB-Camera-with-SNPE.git,
123484426,5,"['C', 'Java', 'Shell']",https://api.github.com/repos/vladislav805/Spirit3-FM,https://github.com/vladislav805/Spirit3-FM.git,Fork of spirit2_free only for QualComm based processors.
225018599,4,"['C', 'Python', 'Assembly']",https://api.github.com/repos/Gongdezhi1990/Qualcomm-_ADK6.4.0.43,https://github.com/Gongdezhi1990/Qualcomm-_ADK6.4.0.43.git,
357371958,1,"['Python', 'C']",https://api.github.com/repos/gesanqiu/Qualcomm-LU-HW-Test-Guide,https://github.com/gesanqiu/Qualcomm-LU-HW-Test-Guide.git,Some hadeware test script for SnpeDragon LU(Ubuntu18.04) platform.
385939337,1,"['Python', 'C']",https://api.github.com/repos/globaledgesoft/RB5-Ball-Follower-Robot-using-Qualcomm-FastCV,https://github.com/globaledgesoft/RB5-Ball-Follower-Robot-using-Qualcomm-FastCV.git,This project is to build and deploy an Ball Follower Robot application on the Qualcomm  RB5 Robotics platform that detects a football and track that detected football using Qualcomm's  FastCV (Computer Vision SDK).
317907141,1,"['Python', 'C++', 'C']",https://api.github.com/repos/globaledgesoft/RB3-Navigation,https://github.com/globaledgesoft/RB3-Navigation.git,"This project implements Opensource ROS navigation stack porting on Qualcomm RB3. with use of depth camera sensor available on RB3 for navigation, obstacle detection and avoidance"
439423228,0,"['Python', 'Shell', 'C']",https://api.github.com/repos/achinthyasoordelu/DroneDance,https://github.com/achinthyasoordelu/DroneDance.git,2016 Qualcomm Intern Hackathon Project - Top 10 Prize Winner
141062521,0,"['C', 'Python', 'Makefile']",https://api.github.com/repos/zachzhou777/Fall-Detector,https://github.com/zachzhou777/Fall-Detector.git,"Started working on this during HackMobile, the Qualcomm intern hackathon. Continuing to tweak the algorithm."
63725471,200,"['Python', 'C', 'Shell']",https://api.github.com/repos/Comsecuris/shannonRE,https://github.com/Comsecuris/shannonRE.git,Helpful scripts for various tasks performed during reverse engineering the Shannon Baseband with the goal to exploit the Samsung Galaxy S6
1859142,103,"['C++', 'Java', 'C']",https://api.github.com/repos/CyanogenMod/android_device_samsung_galaxys2,https://github.com/CyanogenMod/android_device_samsung_galaxys2.git,
112379454,91,"['C', 'Python', 'Makefile']",https://api.github.com/repos/oranav/i9300_emmc_toolbox,https://github.com/oranav/i9300_emmc_toolbox.git,Samsung Galaxy S3 GT-I9300 eMMC toolbox
262054326,63,"['C', 'Java', 'Python']",https://api.github.com/repos/grant-h/ShannonBaseband,https://github.com/grant-h/ShannonBaseband.git,"Scripts, plugins, and information for working with Samsung's Shannon baseband."
2998381,36,"['Makefile', 'Python', 'C']",https://api.github.com/repos/CyanogenMod/android_device_samsung_toro,https://github.com/CyanogenMod/android_device_samsung_toro.git,
101605111,23,"['C', 'Python', 'Go']",https://api.github.com/repos/kaishack/sctf2017,https://github.com/kaishack/sctf2017.git,Samsung CTF 2017 Problems. https://sctf.codeground.org
16779722,19,"['Java', 'C', 'Shell']",https://api.github.com/repos/CyanogenMod/android_device_samsung_hlte,https://github.com/CyanogenMod/android_device_samsung_hlte.git,
4166759,15,"['Makefile', 'Python', 'C']",https://api.github.com/repos/CyanogenMod/android_device_samsung_toroplus,https://github.com/CyanogenMod/android_device_samsung_toroplus.git,
3032412,14,"['Shell', 'C', 'Python']",https://api.github.com/repos/AOKP/device_samsung_toro,https://github.com/AOKP/device_samsung_toro.git,
3002616,12,"['Shell', 'C', 'Python']",https://api.github.com/repos/peteralfonso/platform_device_samsung_toro,https://github.com/peteralfonso/platform_device_samsung_toro.git,
5578081,10,"['Java', 'Shell', 'C']",https://api.github.com/repos/EpicCM/android_device_samsung_d710,https://github.com/EpicCM/android_device_samsung_d710.git,android_device_samsung_d710
335986473,10,"['Python', 'C']",https://api.github.com/repos/Haruster/Nephael-SSTF,https://github.com/Haruster/Nephael-SSTF.git,Samsung CTF
16451576,9,"['C++', 'C', 'Python']",https://api.github.com/repos/Angel666/android_device_samsung_santos103g,https://github.com/Angel666/android_device_samsung_santos103g.git,Galaxy Tab 3 10.1 (santos10) P5200/P5210 device tree
74881595,8,"['C', 'Objective-C', 'Java']",https://api.github.com/repos/Spxg/android_device_samsung_i959,https://github.com/Spxg/android_device_samsung_i959.git,android_device_samsung_i959
400015979,8,"['C', 'HTML', 'Python']",https://api.github.com/repos/SSTF-Office/SamsungCTF,https://github.com/SSTF-Office/SamsungCTF.git,Challenges and writeups from SamsungCTF
48551121,8,"['C', 'Java', 'Makefile']",https://api.github.com/repos/SiniTurk/android_device_samsung_cs02,https://github.com/SiniTurk/android_device_samsung_cs02.git,Device tree for Samsung Galaxy Core Plus (SM-G350) aka cs02
3928126,7,"['Python', 'C']",https://api.github.com/repos/ohanar/android_device_samsung_p6800,https://github.com/ohanar/android_device_samsung_p6800.git,CyanogenMod device tree for the Galaxy Tab 7.7 3g (GT-P6800) 
29561130,6,"['Java', 'Makefile', 'C']",https://api.github.com/repos/CyanogenMod/android_device_samsung_trltetmo,https://github.com/CyanogenMod/android_device_samsung_trltetmo.git,
3176000,6,"['C++', 'Java', 'C']",https://api.github.com/repos/hroark13/android_device_samsung_prevail,https://github.com/hroark13/android_device_samsung_prevail.git,
75635082,5,"['Java', 'C', 'Makefile']",https://api.github.com/repos/LineageOS/android_device_samsung_klimtwifi,https://github.com/LineageOS/android_device_samsung_klimtwifi.git,
25195610,5,"['C', 'Java', 'Makefile']",https://api.github.com/repos/ghsr/android_device_samsung_i9152,https://github.com/ghsr/android_device_samsung_i9152.git,Device Tree for Samsung Galaxy Mega 5.8 Duos (GT-I9152)
190192200,0,"['Python', 'C', 'MATLAB']",https://api.github.com/repos/rameshwara/Siemens,https://github.com/rameshwara/Siemens.git,My work at Siemens
104821483,0,"['Python', 'C']",https://api.github.com/repos/nuclearfusion2017/electron-optimization,https://github.com/nuclearfusion2017/electron-optimization.git,Source Code for Siemens 2017 Submission
294477074,4,"['Python', 'C', 'Makefile']",https://api.github.com/repos/a1k0n/litex-c2,https://github.com/a1k0n/litex-c2.git,Silicon Labs C2 debug interface peripheral in Migen / LiteX
138892560,0,"['C', 'Python', 'C++']",https://api.github.com/repos/beckstev/purdue_laser_box,https://github.com/beckstev/purdue_laser_box.git,"Silicon lab, LaserBox, Purdue"
2171297,67,"['C', 'Python', 'C++']",https://api.github.com/repos/nrpatel/SnowGlobe,https://github.com/nrpatel/SnowGlobe.git,Software and hardware to create a cheap DIY spherical projection system
27540614,4,"['Python', 'C', 'Makefile']",https://api.github.com/repos/okirch/susetest,https://github.com/okirch/susetest.git,Testing utilities
5153874,2,"['Python', 'C++', 'C']",https://api.github.com/repos/athanrous/openSUSECollaborationCamp,https://github.com/athanrous/openSUSECollaborationCamp.git,Repository about openSUSE Collaboration Camp's
53189104,52,"['Python', 'C', 'Shell']",https://api.github.com/repos/projecthorus/wenet,https://github.com/projecthorus/wenet.git,"Wenet (""The Swift One"") - Transmit and Receive code for the Project Horus High-Speed Imagery Payload."
163250988,20,"['Python', 'C', 'Java']",https://api.github.com/repos/RisingLight/Project-Euler,https://github.com/RisingLight/Project-Euler.git,Send PRs to contribute and see the Codemasters solving some really  mind boggling questions.
3151888,0,"['Python', 'C++', 'C']",https://api.github.com/repos/titenkov/OSTIS-NUMSYS,https://github.com/titenkov/OSTIS-NUMSYS.git,Intelligent system based on symantec technologies
40906149,0,"['C', 'Python', 'Makefile']",https://api.github.com/repos/SpiNNakerManchester/workshop_2015_adding_synaptic_plasticity,https://github.com/SpiNNakerManchester/workshop_2015_adding_synaptic_plasticity.git,Code to accompany SpiNNaker workshop 2015 session on adding new models of synaptic plasticity
73548537,0,"['Python', 'C', 'HTML']",https://api.github.com/repos/AmaJC/TouchChrome,https://github.com/AmaJC/TouchChrome.git,A Chrome plugin that enhances user browsing experience by connecting to a Synaptic capacitive touchscreen to detect gestures to interact with the Chrome webpage.
67720699,0,"['Python', 'C++', 'C']",https://api.github.com/repos/promanev/PDSTEP-SNN-version,https://github.com/promanev/PDSTEP-SNN-version.git,"The most up-to-date version of PDSTEP project (Summer 2016 - ongoing). Project is now focused on testing a hypothesis about the functional meaning of a phenomenon observed in the human motion system - beta-band oscillations and beta event-related desynchronization (beta ERD) - which is used as an indicator of cortical preparation for a change in motor states. There is an on-going debate about the actual meaning of beta ERD and I am hoping to shed some light on it. The neural model is based on a spiking neural network with Izhikevich model neurons (Izhikevich, 2003) operating a bipedal robot in Bullet physics engine. The model is optimized through a search for a synaptic connection matrix that achieves target behavior. The search is guided by a genetic algorithm evolving bit strings similar to the work of Dario Floreano (e.g., Floreano et al., 2005). "
168356690,6,"['Python', 'C', 'Assembly']",https://api.github.com/repos/SchaffHub/RISC-Verdi,https://github.com/SchaffHub/RISC-Verdi.git,Synopsys Verdi applet that presents a view of the source code running on a RISC-V processor with a simulation waveform.
90838460,0,"['Python', 'BitBake', 'C']",https://api.github.com/repos/foss-for-synopsys-dwc-arc-processors/synopsys-oe-core,https://github.com/foss-for-synopsys-dwc-arc-processors/synopsys-oe-core.git,Synopsys fork of openembedded-core
24454404,0,"['Python', 'C', 'C++']",https://api.github.com/repos/openrobotics/talos_navigation,https://github.com/openrobotics/talos_navigation.git,
24454482,0,"['Python', 'C', 'C++']",https://api.github.com/repos/openrobotics/talos_sensors,https://github.com/openrobotics/talos_sensors.git,Launch files and setups for all of the sensors on the robot. 
1816007,3,"['C', 'Python', 'C++']",https://api.github.com/repos/zhenkai/ndndump,https://github.com/zhenkai/ndndump.git,the tcpdump for ndn
180694612,1,"['Python', 'HTML', 'C']",https://api.github.com/repos/clemsonwesley/TCPDump,https://github.com/clemsonwesley/TCPDump.git,"CPSC 4240 Project: TCPDump Intrusion Detection. Linux based, monitoring server"
97028506,1,"['Java', 'C++', 'C']",https://api.github.com/repos/eddiechen1008/android-tcpdump-service-client,https://github.com/eddiechen1008/android-tcpdump-service-client.git,Integrate Tcpdump in AOSP as application framework
44595053,0,"['Java', 'C', 'C++']",https://api.github.com/repos/peterdocter/AndroidShark,https://github.com/peterdocter/AndroidShark.git,Shark is an Android GUI for TCPdump and Jnetpcap
28916104,0,"['Java', 'C++', 'C']",https://api.github.com/repos/smilelhh/Android_TcpdumpServiceClient,https://github.com/smilelhh/Android_TcpdumpServiceClient.git,Tcpdump
238407640,0,"['Python', 'GDB', 'C']",https://api.github.com/repos/mayanksha/CS628,https://github.com/mayanksha/CS628.git,Zoobar Assignment and Network Assignment (tcpdump/wireshark based)
56615393,0,"['Java', 'C', 'Makefile']",https://api.github.com/repos/bshouse/TCPState,https://github.com/bshouse/TCPState.git,"Determine sender's TCP Congestion Control State (slow start, congestion avoidance) and RTT from a TCPDUMP on the receiver"
250310537,0,"['C', 'Python', 'TeX']",https://api.github.com/repos/rishitsaiya/CS214-Computer-Networks-Lab,https://github.com/rishitsaiya/CS214-Computer-Networks-Lab.git,"Computer Networks Lab Course (CS 214), IIT Dharwad"
429590681,0,"['Java', 'C', 'HTML']",https://api.github.com/repos/remes2000/amu_viewer,https://github.com/remes2000/amu_viewer.git,Teamviewer clone
19761031,2,"['C', 'Java', 'Scala']",https://api.github.com/repos/TIBCOSoftware/SDS-R-Connector,https://github.com/TIBCOSoftware/SDS-R-Connector.git,R Connector for TIBCO Spotfire¬Æ Data Science
79480762,1,"['Java', 'C#', 'C']",https://api.github.com/repos/craignicholson/tibcoems-samples,https://github.com/craignicholson/tibcoems-samples.git,samples from tibco ems install
414529859,0,"['Java', 'C', 'C#']",https://api.github.com/repos/flexdeviser/tibco-ems-ce,https://github.com/flexdeviser/tibco-ems-ce.git,
5380401,2,"['C', 'Python', 'Shell']",https://api.github.com/repos/nothingisdead/tostab03_device_cm10,https://github.com/nothingisdead/tostab03_device_cm10.git,CyanogenMod 10 Device tree for Toshiba THRiVE
189693089,0,"['Python', 'C', 'SWIG']",https://api.github.com/repos/shobhit-nigam/Toshiba,https://github.com/shobhit-nigam/Toshiba.git,
9724732,0,"['C', 'Java', 'Python']",https://api.github.com/repos/pio-masaki/android-device-at1s0,https://github.com/pio-masaki/android-device-at1s0.git,"CM10 device tree for AT1S0 Toshiba Thrive 7.7""."
7311610,0,"['C', 'Python', 'Java']",https://api.github.com/repos/pio-masaki/Baked-device-tostab03,https://github.com/pio-masaki/Baked-device-tostab03.git,"Device tree for building Team Baked Black Bean for Toshiba Thrive (tostab03) 10"" AT100/105"
5217132,11,"['C', 'Python']",https://api.github.com/repos/markpeek/vmtools,https://github.com/markpeek/vmtools.git,Minimal set of vmware tools to handle power ops
297019985,10,"['Python', 'C', 'Shell']",https://api.github.com/repos/therealdreg/linux_kernel_debug_disassemble_ida_vmware,https://github.com/therealdreg/linux_kernel_debug_disassemble_ida_vmware.git,linux kernel debug and disassemble with ida and vmware
333466,7,"['C', 'Python']",https://api.github.com/repos/luciang/pyvix,https://github.com/luciang/pyvix.git,python bindings for vmware vix api
8291748,7,"['Python', 'C', 'C++']",https://api.github.com/repos/patois/tools,https://github.com/patois/tools.git,various tools
87073947,0,"['Python', 'Processing', 'C']",https://api.github.com/repos/a3lab/xenolalia,https://github.com/a3lab/xenolalia.git,Xenolalia is an art-science project involving autoencoders and euglena microscopic cells
290808391,1586,"['C', 'Python', 'Makefile']",https://api.github.com/repos/atc1441/ATC_MiThermometer,https://github.com/atc1441/ATC_MiThermometer.git,Custom firmware for the Xiaomi Thermometer LYWSD03MMC and Telink Flasher via USB to Serial converter
287845692,210,"['C', 'Python', 'Shell']",https://api.github.com/repos/openmiko/openmiko,https://github.com/openmiko/openmiko.git,"Open source firmware for Ingenic T20 based devices such as WyzeCam V2, Xiaomi Xiaofang 1S, iSmartAlarm's Spot+ and others."
165165890,68,"['C', 'Java', 'C++']",https://api.github.com/repos/actg/JN5169-for-xiaomi-wireless-switch,https://github.com/actg/JN5169-for-xiaomi-wireless-switch.git,for xiaomi and lvmi wireless switch
310893180,36,"['Python', 'C', 'Makefile']",https://api.github.com/repos/niceboygithub/XiaomiGateway3fw,https://github.com/niceboygithub/XiaomiGateway3fw.git,"Provide several firmwares for Xiaomi Gateway 3 (ZNDMWG03LM, ZNDMWG02LM). And bin uitls, boot_ctrl (enhanced), more function of busybox, dropbearmulti for ssh."
10219894,27,"['Java', 'C', 'Shell']",https://api.github.com/repos/mitwo-dev/android_device_xiaomi_aries,https://github.com/mitwo-dev/android_device_xiaomi_aries.git,
348043386,23,"['C', 'Java', 'C++']",https://api.github.com/repos/XayahSuSuSu/android_device_xiaomi_cezanne,https://github.com/XayahSuSuSu/android_device_xiaomi_cezanne.git,Device Tree for Redmi K30 Ultra
222435843,15,"['Java', 'C', 'C++']",https://api.github.com/repos/raphael-development/android_device_xiaomi_raphael,https://github.com/raphael-development/android_device_xiaomi_raphael.git,
225168084,15,"['Java', 'C', 'C++']",https://api.github.com/repos/raphael-devs/android_device_xiaomi_raphael,https://github.com/raphael-devs/android_device_xiaomi_raphael.git,Device Tree for Redmi K20Pro/Mi9T Pro
253573953,15,"['C++', 'Python', 'C']",https://api.github.com/repos/ahpohl/xiaomi_lywsd03mmc,https://github.com/ahpohl/xiaomi_lywsd03mmc.git,Xiaomi LYWSD03MMC passive sensor readout
183771778,13,"['Java', 'Makefile', 'C']",https://api.github.com/repos/xiaomi-mt6765/android_device_xiaomi_mt6765-common,https://github.com/xiaomi-mt6765/android_device_xiaomi_mt6765-common.git,Device tree for MT6765-based Xiaomi devices
359559420,13,"['Java', 'C', 'C++']",https://api.github.com/repos/AdarshGrewal/android_device_xiaomi_sweet,https://github.com/AdarshGrewal/android_device_xiaomi_sweet.git,
209610722,12,"['Java', 'C', 'C++']",https://api.github.com/repos/TheScarastic/android_device_xiaomi_raphael,https://github.com/TheScarastic/android_device_xiaomi_raphael.git,
74020674,10,"['C++', 'Java', 'C']",https://api.github.com/repos/sicmosh/cm13.0_device_tree_xiaomi_hennessy,https://github.com/sicmosh/cm13.0_device_tree_xiaomi_hennessy.git,CyanogenMod 13.0 device tree for Xiaomi Redmi Note 3 (Hennessy)
313103944,8,"['Java', 'Makefile', 'C']",https://api.github.com/repos/xiaomi-sm6150/android_device_xiaomi_davinci,https://github.com/xiaomi-sm6150/android_device_xiaomi_davinci.git,
36655259,33,"['Python', 'Shell', 'C']",https://api.github.com/repos/yandex/root-2015-tasks,https://github.com/yandex/root-2015-tasks.git,Yandex.Root 2015 contest data
43295026,41,"['C', 'Python', 'M4']",https://api.github.com/repos/v-zhuravlev/libzbxmodbus,https://github.com/v-zhuravlev/libzbxmodbus.git,"Loadable module to integrate Modbus (RTU, TCP and encapsulated) into Zabbix. Bulk data collection included."
42681722,13,"['Python', 'C', 'Shell']",https://api.github.com/repos/vulogov/zlm-cython,https://github.com/vulogov/zlm-cython.git,Zabbix Loadable Module based on Cython
212256084,10,"['Python', 'CMake', 'C']",https://api.github.com/repos/timlok/otus-highload,https://github.com/timlok/otus-highload.git,Stand of fault-tolerant high-availability web-application (Zabbix with Patroni/PostgreSQL) with optimization for high loads. Automating deployment with Ansible.
130278576,9,"['C', 'Python', 'Shell']",https://api.github.com/repos/hudecof/libzbxovirt,https://github.com/hudecof/libzbxovirt.git,zabbix plugin to monitor oVirt/RHEV
260686554,13,"['C', 'Python', 'CMake']",https://api.github.com/repos/makerdiary/nrf52840-m2-devkit,https://github.com/makerdiary/nrf52840-m2-devkit.git,"An open-source developer kit based on a removable nRF52840 M.2 module, designed for IoT prototyping"
198396091,11,"['C++', 'Python', 'C']",https://api.github.com/repos/zephyrproject-rtos/openthread,https://github.com/zephyrproject-rtos/openthread.git,"openthread module for Zephyr, not a mirror of the official openthread repository"
198808652,5,"['C', 'Python', 'Makefile']",https://api.github.com/repos/zephyrproject-rtos/littlefs,https://github.com/zephyrproject-rtos/littlefs.git,"littlefs module for Zephyr, not a mirror of the official littlefs repository"
229232703,5,"['C', 'Python', 'CMake']",https://api.github.com/repos/susundberg/zephyr-robot-supa2019,https://github.com/susundberg/zephyr-robot-supa2019.git,Zephyr based robot
8373077,1,"['C', 'Python', 'Makefile']",https://api.github.com/repos/sipb/zcommit,https://github.com/sipb/zcommit.git,Zephyr commit hook
23166226,1,"['Python', 'C']",https://api.github.com/repos/penguin359/zephyr-hxm,https://github.com/penguin359/zephyr-hxm.git,Python script to read Zephyr HxM Heart Rate / Speed and Distance Monitor.
333378546,1,"['Python', 'C', 'CMake']",https://api.github.com/repos/Oxymoron79/zephyr-ble-peripheral,https://github.com/Oxymoron79/zephyr-ble-peripheral.git,Bluetooth LE 5 Peripheral with Zephyr
95351644,4,"['Python', 'C']",https://api.github.com/repos/Rshahatit/ZTS,https://github.com/Rshahatit/ZTS.git,Zoom Transcription Service transcribes video using Microsofts Cognitive Services Video Indexer API.
832675,60,"['C', 'Java', 'CMake']",https://api.github.com/repos/apache/tomcat-native,https://github.com/apache/tomcat-native.git,Mirror of Apache Tomcat Native
1872113,60,"['Java', 'C', 'CSS']",https://api.github.com/repos/nahojkap/jahspotify,https://github.com/nahojkap/jahspotify.git,Jah'Spotify is a set of Java bindings over the Spotify native library (libspotify).
55039566,50,"['Java', 'Groovy', 'C']",https://api.github.com/repos/bihe0832/SDKHoxFix,https://github.com/bihe0832/SDKHoxFix.git,Android ‰∏äSDKÁöÑ‰ª£Á†ÅÁÉ≠Êõ¥ÊñπÊ°àÔºàAndroid-HoxFix-SDK-Native-JavaÔºâ
233772860,48,"['Java', 'C', 'Makefile']",https://api.github.com/repos/YuriSizuku/AndroidSafFile,https://github.com/YuriSizuku/AndroidSafFile.git,A wrapper of Android Storage Access Framework for writing files on Ext SD card in both Java and JNI native code.
68414610,41,"['Java', 'C', 'Kotlin']",https://api.github.com/repos/jmedialayer/jmedialayer-psvita-java,https://github.com/jmedialayer/jmedialayer-psvita-java.git,Run Java/Kotlin Natively on the PSVita generating C++ with ARC instead GC using JTransc
51100080,35,"['Java', 'C', 'Makefile']",https://api.github.com/repos/laurentbh/icmp4j,https://github.com/laurentbh/icmp4j.git,"ICMP4j is an ICMP ping implementation for Java with a simple and clean API. Linux/Mac/Solaris/Windows are supported natively. If you can provide other native implementations, please contact the authors!"
95317121,34,"['Java', 'C', 'Shell']",https://api.github.com/repos/muquit/libsodium-jna,https://github.com/muquit/libsodium-jna.git,libsodium-jna is a java library that binds to libsodium C crypto APIs with Java Native Access (JNA)
37147293,32,"['Java', 'C', 'C++']",https://api.github.com/repos/pquiring/javaforce,https://github.com/pquiring/javaforce.git,"JavaForce library for building powerful Apps and Services (Native Bindings for Camera, OpenGL, ffmpeg)"
26384067,23,"['Java', 'Assembly', 'C']",https://api.github.com/repos/nayuki/Native-hashes-for-Java,https://github.com/nayuki/Native-hashes-for-Java.git,"Hash functions implemented in C and x86 asm, callable from Java through JNI."
530966,18,"['Java', 'C']",https://api.github.com/repos/joelhockey/jacknji11,https://github.com/joelhockey/jacknji11.git,Java Native Interface for PKCS#11
18536891,18,"['C++', 'Java', 'C']",https://api.github.com/repos/redbooth/jnotify,https://github.com/redbooth/jnotify.git,Java bindings for native notification libraries.
2477625,18,"['C++', 'Java', 'C']",https://api.github.com/repos/jerome-jouvie/NativeBass,https://github.com/jerome-jouvie/NativeBass.git,NativeBass 1.1.2 - Java binding for BASS audio system - http://www.un4seen.com/bass.html
